{"Accuracy": 0.9629629629629629, "f1_score": 0.9333333333333333, "Specificity": 0.95, "Sensitivity": 1.0, "AUC": 0.975}